{"name":"DejaVuSansMono","type":"TTF","desc":{"CapHeight":729,"XHeight":547,"FontBBox":"[-558 -375 718 1042]","Flags":5,"Ascent":928,"Descent":-236,"Leading":0,"ItalicAngle":0,"StemV":87,"MissingWidth":602},"unitsPerEm":2048,"up":-63,"ut":44,"strp":259,"strs":50,"ttffile":"H:\\laragon\\www\\Pharmacy11\\vendor\\mpdf\\mpdf\\src\\Config\/..\/..\/ttfonts\/DejaVuSansMono.ttf","TTCfontID":0,"originalsize":335068,"sip":false,"smp":false,"BMPselected":true,"fontkey":"dejavusansmono","panose":" 0 0 2 b 6 9 3 8 4 2 2 4","haskerninfo":false,"haskernGPOS":false,"hassmallcapsGSUB":false,"fontmetrics":"win","useOTL":255,"rtlPUAstr":"","GSUBScriptLang":{"arab":"DFLT ","cyrl":"DFLT SRB  ","grek":"DFLT ","latn":"DFLT ISM  KSM  LSM  MOL  NSM  ROM  SKS  SSM  "},"GSUBFeatures":{"arab":{"DFLT":{"fina":[3],"medi":[4],"init":[5],"rlig":[6],"liga":[7]}},"cyrl":{"DFLT":{"ccmp":[1]},"SRB ":{"ccmp":[1],"locl":[2]}},"grek":{"DFLT":{"ccmp":[1]}},"latn":{"DFLT":{"ccmp":[1],"dlig":[8]},"ISM ":{"locl":[0],"ccmp":[1],"dlig":[8]},"KSM ":{"locl":[0],"ccmp":[1],"dlig":[8]},"LSM ":{"locl":[0],"ccmp":[1],"dlig":[8]},"MOL ":{"ccmp":[1],"dlig":[8]},"NSM ":{"locl":[0],"ccmp":[1],"dlig":[8]},"ROM ":{"ccmp":[1],"dlig":[8]},"SKS ":{"locl":[0],"ccmp":[1],"dlig":[8]},"SSM ":{"locl":[0],"ccmp":[1],"dlig":[8]}}},"GSUBLookups":[{"Type":1,"Flag":0,"SubtableCount":1,"Subtables":[15682],"MarkFilteringSet":""},{"Type":6,"Flag":0,"SubtableCount":1,"Subtables":[15694],"MarkFilteringSet":""},{"Type":1,"Flag":0,"SubtableCount":1,"Subtables":[15838],"MarkFilteringSet":""},{"Type":1,"Flag":9,"SubtableCount":1,"Subtables":[15850],"MarkFilteringSet":""},{"Type":1,"Flag":9,"SubtableCount":1,"Subtables":[15990],"MarkFilteringSet":""},{"Type":1,"Flag":9,"SubtableCount":1,"Subtables":[16126],"MarkFilteringSet":""},{"Type":4,"Flag":9,"SubtableCount":1,"Subtables":[16262],"MarkFilteringSet":""},{"Type":4,"Flag":9,"SubtableCount":1,"Subtables":[16300],"MarkFilteringSet":""},{"Type":4,"Flag":0,"SubtableCount":1,"Subtables":[16370],"MarkFilteringSet":""},{"Type":1,"Flag":0,"SubtableCount":1,"Subtables":[16402],"MarkFilteringSet":""}],"GPOSScriptLang":{"DFLT":"DFLT ","arab":"DFLT ","cyrl":"DFLT SRB  ","grek":"DFLT ","lao ":"DFLT ","latn":"DFLT ISM  KSM  LSM  MOL  NSM  ROM  SKS  SSM  "},"GPOSFeatures":{"arab":{"DFLT":{"mkmk":[0,1],"mark":[2,3,4,5]}},"cyrl":{"DFLT":{"mark":[6,7]},"SRB ":{"mark":[6,7]}},"grek":{"DFLT":{"mark":[6,7]}},"lao ":{"DFLT":{"mark":[8],"rtbd":[9]}},"latn":{"DFLT":{"mark":[6,7]},"ISM ":{"mark":[6,7]},"KSM ":{"mark":[6,7]},"LSM ":{"mark":[6,7]},"MOL ":{"mark":[6,7]},"NSM ":{"mark":[6,7]},"ROM ":{"mark":[6,7]},"SKS ":{"mark":[6,7]},"SSM ":{"mark":[6,7]}}},"GPOSLookups":[{"Type":6,"Flag":1,"SubtableCount":1,"Subtables":[856],"MarkFilteringSet":""},{"Type":6,"Flag":1,"SubtableCount":1,"Subtables":[902],"MarkFilteringSet":""},{"Type":5,"Flag":1,"SubtableCount":1,"Subtables":[982],"MarkFilteringSet":""},{"Type":4,"Flag":1,"SubtableCount":1,"Subtables":[1208],"MarkFilteringSet":""},{"Type":5,"Flag":1,"SubtableCount":1,"Subtables":[3234],"MarkFilteringSet":""},{"Type":4,"Flag":1,"SubtableCount":1,"Subtables":[3532],"MarkFilteringSet":""},{"Type":4,"Flag":0,"SubtableCount":2,"Subtables":[5562,7898],"MarkFilteringSet":""},{"Type":1,"Flag":0,"SubtableCount":1,"Subtables":[14570],"MarkFilteringSet":""},{"Type":4,"Flag":0,"SubtableCount":1,"Subtables":[14618],"MarkFilteringSet":""},{"Type":1,"Flag":8,"SubtableCount":1,"Subtables":[15242],"MarkFilteringSet":""}],"kerninfo":[]}